obs_id,index,object_id,object_name,object_name_2MASS,object_name_HIP,object_name_HR,object_name_TYC,object_name_SAO,folder,date_obs,obs_start,obs_end,infrared_filter,irdis_dual_filter,tel_ambi_fwhm_mean,tel_tau0_mean,tel_ambi_windsp,windSpeed_200_asm,seeing_sparta_min,seeing_sparta_max,seeing_sparta_avg,seeing_tel_ia_fwhmlinobs,seeing_tel_ia_fwhmlin,seeing_tel_ia_fwhm,seeing_ambi_fwhm,mass_turbfwhm_asm,mass_fwhm_asm,dimm_fwhm_asm,historical_ambient_fwhm_asm,mass_tau0_asm,mass_tau_asm,historical_ambient_tau_asm,mass_tau0_ms_asm,mass_tau_ms_asm,historical_ambient_tau_ms_asm,tel_ambi_tau0,strehl_sparta_avg,strehl_sparta_max,strehl_sparta_min,flux_K,flux_H,flux_R,flux_G,NAXIS1,n_frames,rot_max,mtime,missing_psf,split,status_obs,comment,found,waffle_amplitude,is_lwe,category,seeing_final,tau_final,analytical_strehl,obs_category,analytical_strehl2,obs_category2,obs_category3,valid_frames
HD_100453__2016-01-21__05-34-59,10,HD_100453,HIP56354,,HIP_56354,,TYC_8617-1438-1,SAO_239162,HD 100453B_DB_H23_2016-01-20_ird_convert_recenter_dc2022_COBREX_332108,2016-01-21T05:34:59.85,2016-01-21T05:21:25.84,2016-01-21T05:48:33.64,DB_H23,B_H,0.91,4.2,4.28,,0.4035,0.8564,0.563,1.27,1.06,0.95,1.2,,,,0.9071,,,0.0041,,,4.1159,4.3,0.7992,0.837,0.7561,5.6,6.39,,7.7354,176,176,-7.6309,2022-06-24_22-47-37,0,train,0.0,interactive,,0.05,0,2,0.9071,4.1159,0.8281,2,0.878,1,2,167
HD_102647__2015-05-31__02-07-12,17,HD_102647,Beta Leo,,HIP_57632,HR_4534,TYC_870-988-1,SAO_99809,HIP 57632_DB_H23_2015-05-30_ird_convert_recenter_dc2022_COBREX_330137,2015-05-31T02:07:12.24,2015-05-31T01:33:48.89,2015-05-31T02:40:34.64,DB_H23,B_H,1.11,1.1,6.15,62.7067,0.627,1.1578,0.8073,1.81,1.37,30.05,1.0,,,,1.1177,,,0.0011,,,1.1136,1.1,0.7972,0.8649,0.5686,1.9,1.925,2.08,,800,800,14.3709,2022-06-16_16-21-39,0,train,0.0,interactive,,0.04,0,1,1.1177,1.1136,0.689,1,0.8794,1,0,469
HD_106048__2017-05-07__01-28-26,24,HD_106048,HIP_59505,,HIP_59505,,TYC_8632-835-1,SAO_239747,HIP 59505_DB_H23_2017-05-06_ird_convert_recenter_dc2022_COBREX_waffles_only_331958,2017-05-07T01:28:26.32,2017-05-07T00:36:54.13,2017-05-07T02:19:58.92,DB_H23,B_H,1.41,1.7,14.48,46.8683,0.4739,1.6267,0.719,1.12,1.03,0.97,1.0,,,1.3247,,,,,,,,2.5,0.4774,0.5724,0.2923,7.701,7.738,,8.5284,91,91,-44.9046,2022-06-24_21-58-01,0,train,0.0,interactive,,0.08,0,0,1.3247,1.7,0.5194,0,0.7701,0,0,74
HD_107301__2016-01-19__06-40-27,27,HD_107301,HIP_60183,,HIP_60183,HR_4692,TYC_8987-40-1,SAO_251854,HIP 60183_DB_H23_2016-01-18_ird_convert_recenter_dc2022_COBREX_332036,2016-01-19T06:40:27.88,2016-01-19T06:04:52.70,2016-01-19T07:16:03.08,DB_H23,B_H,1.85,1.7,9.05,29.8509,0.6486,1.4013,0.9782,1.68,1.33,1.23,1.0,,,,1.8812,,,0.0018,,,1.7787,1.5,0.7517,0.83,0.6335,6.27,6.277,,6.1956,128,128,-20.524,2022-06-24_22-19-30,0,train,0.0,interactive,,0.04,0,0,1.8812,1.7787,0.5904,1,0.7931,0,0,101
HD_108767B__2016-06-11__23-43-59,29,HD_108767B,HD_108767B,,,,TYC_6103-2398-1,SAO_157322,HD 108767B_DB_H23_2016-06-11_ird_convert_recenter_dc2022_COBREX_332664,2016-06-11T23:43:59.05,2016-06-11T23:00:10.53,2016-06-12T00:27:46.61,DB_H23,B_H,0.84,3.3,14.07,50.178,-1.0,-1.0,-1.0,1.1,1.09,1.02,1.0,0.8639,0.677,0.8638,,0.0032,0.0039,,3.1588,3.9299,,3.1,-1.0,-1.0,-1.0,6.235,6.37,,8.1786,80,80,99.2574,2022-06-25_03-45-51,0,train,0.0,interactive,,0.04,0,2,0.8638,3.1588,0.7569,1,0.8782,1,2,68
HD_108767__2018-01-25__08-46-24,30,HD_108767,del_CrvB,,HIP_60965,HR_4757,TYC_6103-2395-1,SAO_157323,HD 108767B_DB_H23_2018-01-24_ird_convert_recenter_dc2022_COBREX_333060,2018-01-25T08:46:24.06,2018-01-25T08:06:39.02,2018-01-25T09:27:29.94,DB_H23,B_H,0.59,8.3,1.13,22.0071,0.2352,0.4976,0.3172,0.76,0.76,0.69,1.0,0.6611,0.352,0.5973,,0.0077,0.0082,,7.6997,8.2265,,10.5,0.8019,0.8319,0.6117,3.05,3.05,2.99,2.9649,72,72,94.4343,2022-06-25_06-20-51,0,train,0.0,interactive,,0.04,0,2,0.5973,7.6997,0.9309,2,0.9691,2,2,65
HD_109536__2016-04-21__03-19-59,31,HD_109536,HIP_61468,,HIP_61468,HR_4794,TYC_7762-1974-1,SAO_223542,HIP 61468_DB_H23_2016-04-20_ird_convert_recenter_dc2022_COBREX_328508,2016-04-21T03:19:59.08,2016-04-21T02:47:49.40,2016-04-21T04:01:03.58,DB_H23,B_H,1.63,2.1,10.6,15.6896,0.5614,1.6122,0.8787,1.26,1.23,1.15,0.8,1.5884,0.604,1.6448,,0.0021,0.0061,,2.0757,6.0776,,1.7,0.7554,0.8286,0.5501,4.571,4.708,,5.0668,216,216,-55.0011,2022-06-10_16-08-05,0,train,0.0,interactive,,0.03,0,0,1.6448,2.0757,0.6605,1,0.8373,1,0,143
HD_115383__2015-05-06__03-19-20,36,HD_115383,HIP_64792,,HIP_64792,HR_5011,TYC_891-624-1,SAO_119847,HIP_64792_DB_H23_2015-05-05_ird_convert_recenter_dc2022_COBREX_330124,2015-05-06T03:19:20.27,2015-05-06T02:41:30.28,2015-05-06T03:57:09.24,DB_H23,B_H,0.89,1.9,1.75,48.4663,-1.0,-1.0,-1.0,0.91,0.81,0.75,1.4,,,,0.8779,,,0.0019,,,1.8796,1.9,-1.0,-1.0,-1.0,4.033,4.107,4.8,5.0398,896,896,29.6223,2022-06-16_16-28-01,0,train,0.0,interactive,,0.03,1,0,0.8779,1.8796,0.8159,0,0.9245,-1,-1,671
HD_115383__2017-02-10__08-50-22,40,HD_115383,HIP_64792,,HIP_64792,HR_5011,TYC_891-624-1,SAO_119847,HIP_64792_DB_H23_2017-02-09_ird_convert_recenter_dc2022_COBREX_waffles_only_333577,2017-02-10T08:50:22.29,2017-02-10T08:09:36.83,2017-02-10T09:29:12.83,DB_H23,B_H,0.78,3.4,7.83,35.9474,0.3797,1.2179,0.6368,1.17,1.04,1.01,1.4,,,0.7757,,,,,,,,2.6,0.8221,0.9121,0.5566,4.033,4.107,4.8,5.0398,112,112,31.1881,2022-06-25_08-12-48,0,train,0.0,interactive,,0.02,0,2,0.7757,3.4,0.8775,2,0.9454,2,2,68
HD_115383__2018-04-13__04-58-18,41,HD_115383,HIP_64792,,HIP_64792,HR_5011,TYC_891-624-1,SAO_119847,HIP_64792_DB_H23_2018-04-12_ird_convert_recenter_dc2022_COBREX_waffles_only_333317,2018-04-13T04:58:18.18,2018-04-13T04:18:49.55,2018-04-13T05:37:44.18,DB_H23,B_H,0.34,14.2,1.7,18.2432,0.1903,0.3608,0.234,0.83,0.74,0.69,1.0,0.432,0.2435,0.3333,,0.0135,0.0163,,13.4983,16.2893,,10.5,0.9407,0.9514,0.9255,4.033,4.107,4.8,5.0398,90,90,30.2492,2022-06-25_07-31-02,0,train,0.0,interactive,,0.02,0,2,0.3333,13.4983,0.9708,2,0.984,2,2,73
HD_116434__2016-06-26__23-59-43,47,HD_116434,HIP_65426,,HIP_65426,,TYC_8260-1526-1,SAO_240811,HIP 65426_DB_H23_2016-06-26_ird_convert_recenter_dc2022_COBREX_332785,2016-06-26T23:59:43.84,2016-06-26T23:15:56.46,2016-06-27T00:43:30.95,DB_H23,B_H,0.69,2.9,2.23,45.7964,-1.0,-1.0,-1.0,1.12,1.04,0.98,1.0,0.7507,0.4163,0.6868,,0.0029,0.003,,2.9174,2.9902,,3.1,-1.0,-1.0,-1.0,6.771,6.853,,6.9986,80,80,-42.1808,2022-06-25_04-11-12,0,train,0.0,interactive,,0.05,1,0,0.6868,2.9174,0.8705,0,0.9234,-1,-1,77
HD_118697__2016-06-02__02-08-17,53,HD_118697,HIP_66651,,HIP_66651,,TYC_8663-2082-1,SAO_241045,HIP 66651_DB_H23_2016-06-01_ird_convert_recenter_dc2022_COBREX_332584,2016-06-02T02:08:17.03,2016-06-02T01:24:26.92,2016-06-02T02:52:04.54,DB_H23,B_H,0.44,5.3,3.33,54.631,-1.0,-1.0,-1.0,0.83,0.76,0.71,1.0,0.5274,0.2356,0.4599,,0.0052,0.0055,,5.1811,5.5185,,3.4,-1.0,-1.0,-1.0,7.334,7.372,,7.3349,80,80,-38.293,2022-06-25_03-30-37,0,train,0.0,interactive,,0.04,0,2,0.4599,5.1811,0.9202,2,0.9336,2,2,75
HD_125451__2016-06-12__01-39-47,56,HD_125451,HIP_69989,,HIP_69989,HR_5365,TYC_915-1442-1,SAO_100975,HIP 69989_DB_H23_2016-06-11_ird_convert_recenter_dc2022_COBREX_332665,2016-06-12T01:39:47.57,2016-06-12T01:04:09.11,2016-06-12T02:15:25.05,DB_H23,B_H,1.03,2.5,15.78,47.8481,-1.0,-1.0,-1.0,1.46,1.27,1.16,1.0,1.0425,0.8341,1.056,,0.0024,0.0033,,2.4487,3.3305,,1.9,-1.0,-1.0,-1.0,4.394,4.538,,5.289,128,128,25.9683,2022-06-25_03-46-58,0,train,0.0,interactive,,0.04,0,1,1.056,2.4487,0.8026,2,0.9105,2,1,117
HD_14228__2016-09-17__07-03-47,72,HD_14228,HIP_10602,,HIP_10602,HR_674,TYC_8055-1270-1,SAO_232696,HIP 10602_DB_H23_2016-09-16_ird_convert_recenter_dc2022_COBREX_330218,2016-09-17T07:03:47.94,2016-09-17T06:21:20.15,2016-09-17T07:43:13.80,DB_H23,B_H,0.56,19.9,1.68,11.0901,-1.0,-1.0,-1.0,0.89,0.83,103.39,0.8,0.675,0.1999,0.5619,,0.0205,0.0357,,20.5269,35.7356,,16.7,-1.0,-1.0,-1.0,3.86,3.82,3.64,3.556,512,512,-40.2497,2022-06-16_17-39-51,0,train,0.0,interactive,,0.03,1,0,0.5619,20.5269,0.942,0,0.9726,-1,-1,341
HD_142851__2015-06-03__04-11-46,76,HD_142851,HIP_78196,,HIP_78196,,TYC_7329-908-1,SAO_207168,HIP 78196_DB_H23_2015-06-02_ird_convert_recenter_dc2022_COBREX_332932,2015-06-03T04:11:46.36,2015-06-03T03:36:38.78,2015-06-03T04:46:53.87,DB_H23,B_H,1.03,4.4,7.68,15.2738,0.3167,0.6762,0.4468,0.84,0.84,0.79,1.0,,,,1.0305,,,0.0044,,,4.428,3.2,0.8998,0.9266,0.8626,7.032,7.12,,7.0241,64,64,-91.8449,2022-06-25_05-07-12,0,train,0.0,interactive,,0.03,0,1,1.0305,4.428,0.8209,2,0.8951,2,1,64
HD_1466__2016-09-18__05-32-12,85,HD_1466,HIP_1481,,HIP_1481,,TYC_8843-1330-1,SAO_248159,HIP 1481_DB_H23_2016-09-17_ird_convert_recenter_dc2022_COBREX_330641,2016-09-18T05:32:12.81,2016-09-18T04:48:27.35,2016-09-18T06:15:59.34,DB_H23,B_H,0.8,4.9,10.23,8.2899,-1.0,-1.0,-1.0,1.36,1.16,1.07,1.0,0.8079,0.5865,0.7942,,0.0049,0.0098,,4.941,9.7616,,6.0,-1.0,-1.0,-1.0,6.149,6.248,,7.3392,80,80,-31.0696,2022-06-17_18-17-52,0,train,0.0,interactive,,0.03,0,2,0.7942,4.941,0.8646,2,0.9078,2,2,73
HD_147553__2015-05-30__05-02-09,86,HD_147553,HIP80324,,HIP_80324,HR_6097,,,HIP 80324_DB_H23_2015-05-29_ird_convert_recenter_dc2022_COBREX_332869,2015-05-30T05:02:09.17,2015-05-30T04:18:28.02,2015-05-30T05:40:23.73,DB_H23,B_H,0.72,1.8,7.68,58.42,0.2588,0.6388,0.3428,0.78,0.77,0.71,1.0,,,,0.7327,,,0.0018,,,1.8215,1.6,0.7765,0.8325,0.556,,,,,136,136,-88.8515,2022-06-25_04-48-19,0,train,0.0,interactive,,0.03,0,1,0.7327,1.8215,0.8405,2,0.9409,2,1,114
HD_151726__2016-04-01__09-11-13,92,HD_151726,HIP_82430,,HIP_82430,,TYC_7868-1175-1,SAO_208083,HIP 82430_DB_H23_2016-03-31_ird_convert_recenter_dc2022_COBREX_332352,2016-04-01T09:11:13.85,2016-04-01T08:24:52.01,2016-04-01T10:04:53.12,DB_H23,B_H,1.06,1.8,6.0,31.5162,0.2889,0.7584,0.4029,0.84,0.82,0.76,1.0,,,,1.0226,,,0.0019,,,1.8765,2.4,0.7841,0.828,0.7251,7.261,7.261,,7.224,80,80,-78.546,2022-06-25_00-33-49,0,train,0.0,interactive,,0.03,0,1,1.0226,1.8765,0.7706,1,0.8765,1,1,69
HD_159492__2016-06-11__05-40-25,97,HD_159492,HIP_86305,,HIP_86305,HR_6549,TYC_8733-2365-1,SAO_244896,HIP 86305_DB_H23_2016-06-10_ird_convert_recenter_dc2022_COBREX_332617,2016-06-11T05:40:25.79,2016-06-11T05:12:55.28,2016-06-11T06:13:31.58,DB_H23,B_H,0.62,3.2,3.2,53.4849,-1.0,-1.0,-1.0,1.22,1.11,1.06,1.0,0.6753,0.614,0.633,,0.0032,0.0032,,3.1773,3.2195,,3.3,-1.0,-1.0,-1.0,4.78,4.866,,5.2087,95,95,-25.9217,2022-06-25_03-38-11,0,train,0.0,interactive,,0.04,0,2,0.633,3.1773,0.8983,2,0.9548,2,2,65
HD_159911__2016-05-22__06-07-40,100,HD_159911,BD-13_4687,,,,TYC_5672-216-1,,HD 159911_DB_H23_2016-05-21_ird_convert_recenter_dc2022_COBREX_332467,2016-05-22T06:07:40.95,2016-05-22T05:29:21.99,2016-05-22T06:45:59.95,DB_H23,B_H,0.48,5.9,7.25,34.4977,0.263,0.4795,0.35,0.82,0.81,0.75,0.8,0.5202,0.3178,0.4826,,0.0058,0.0079,,5.8481,7.8858,,5.9,0.7509,0.7981,0.664,6.835,7.02,,9.5607,70,70,71.4837,2022-06-25_02-44-41,0,train,0.0,interactive,,0.03,0,2,0.4826,5.8481,0.8308,2,0.8278,1,2,67
HD_16978__2015-10-01__06-39-32,108,HD_16978,HIP_12394,,HIP_12394,HR_806,TYC_9144-1686-1,SAO_248621,HIP 12394_DB_H23_2015-09-30_ird_convert_recenter_dc2022_COBREX_335378,2015-10-01T06:39:32.83,2015-10-01T05:52:03.91,2015-10-01T07:37:37.59,DB_H23,B_H,1.06,1.3,2.28,55.3313,0.3625,1.3174,0.595,1.34,1.1,0.99,1.0,,,,1.1223,,,0.0013,,,1.2584,1.4,0.7652,0.8753,0.322,4.254,4.433,,4.1123,608,608,-34.6156,2022-06-25_20-06-30,0,train,0.0,interactive,,0.04,1,0,1.1223,1.2584,0.7121,0,0.8847,-1,-1,350
HD_172555__2015-05-11__07-51-19,112,HD_172555,HIP92024,,HIP_92024,HR_7012,TYC_9077-2487-1,SAO_254358,HIP 92024_DB_H23_2015-05-10_ird_convert_recenter_dc2022_COBREX_332740,2015-05-11T07:51:19.34,2015-05-11T07:23:37.60,2015-05-11T08:19:00.92,DB_H23,B_H,0.79,3.9,8.13,28.4633,-1.0,-1.0,-1.0,2.05,1.74,1.04,1.0,,,,0.7625,,,0.0041,,,4.1436,3.9,-1.0,-1.0,-1.0,4.298,4.251,,4.7246,192,192,-19.2948,2022-06-25_03-59-28,0,train,0.0,interactive,,0.04,0,2,0.7625,4.1436,0.8875,2,0.9488,2,2,106
HD_174429__2015-05-06__09-49-25,113,HD_174429,PZTel,,HIP_92680,,TYC_8381-2435-1,SAO_245781,HIP 92680_DB_H23_2015-05-05_ird_convert_recenter_dc2022_COBREX_waffles_only_328698,2015-05-06T09:49:25.87,2015-05-06T09:35:30.26,2015-05-06T10:01:56.28,DB_H23,B_H,1.43,1.3,1.77,49.1497,-1.0,-1.0,-1.0,0.84,0.77,0.74,1.4,,,,1.2894,,,0.0014,,,1.352,2.1,-1.0,-1.0,-1.0,6.366,6.486,,8.1017,82,82,-11.4059,2022-06-10_20-21-35,0,train,0.0,interactive,,0.05,1,0,1.2894,1.352,0.4451,0,0.756,-1,-1,74
HD_177724__2015-06-28__05-32-37,121,HD_177724,HIP_93747,,HIP_93747,HR_7235,TYC_1052-3027-1,SAO_104461,HIP 93747_DB_H23_2015-06-27_ird_convert_recenter_dc2022_COBREX_333268,2015-06-28T05:32:37.15,2015-06-28T04:50:26.87,2015-06-28T06:14:45.36,DB_H23,B_H,1.0134,1.2,6.83,44.652,0.3932,1.2034,0.6315,1.33,1.14,1.06,1.4,,,,,,,,,,,1.2,0.7184,0.8654,0.5086,2.88,3.05,2.98,3.0011,560,560,29.8796,2022-06-25_07-27-48,0,train,0.0,interactive,,0.04,0,1,1.0134,1.2,0.7239,1,0.8947,1,0,432
HD_178253__2015-06-06__07-40-23,123,HD_178253,HIP_94114,,HIP_94114,HR_7254,TYC_7917-2653-1,SAO_210990,HIP 94114_DB_H23_2015-06-05_ird_convert_recenter_dc2022_COBREX_333018,2015-06-06T07:40:23.65,2015-06-06T07:03:48.55,2015-06-06T08:16:58.17,DB_H23,B_H,1.29,1.8,12.82,23.4771,0.4031,1.3719,0.6557,1.17,1.14,1.06,1.0,,,,1.4561,,,0.0018,,,1.8448,2.1,0.8858,0.9311,0.7335,4.049,3.915,,4.0973,256,256,-49.7435,2022-06-25_05-32-13,0,train,0.0,interactive,,0.04,0,1,1.4561,1.8448,0.6946,1,0.8614,1,0,156
HD_181296__2015-05-05__09-22-43,124,HD_181296,HIP_95261,,HIP_95261,HR_7329,TYC_8765-2571-1,SAO_246055,HIP 95261_DB_H23_2015-05-04_ird_convert_recenter_dc2022_COBREX_332641,2015-05-05T09:22:43.87,2015-05-05T08:27:08.56,2015-05-05T10:12:32.42,DB_H23,B_H,1.11,1.2,3.58,49.2303,-1.0,-1.0,-1.0,1.08,0.99,0.93,1.4,,,,1.2668,,,0.0012,,,1.1855,1.1,-1.0,-1.0,-1.0,5.01,5.15,,5.0123,168,168,-46.8276,2022-06-25_03-43-41,0,train,0.0,interactive,,0.03,0,1,1.2668,1.1855,0.6714,1,0.8625,1,0,139
HD_181869__2015-05-13__09-10-43,127,HD_181869,HIP_95347,,HIP_95347,HR_7348,TYC_7935-2139-1,SAO_229659,AKARI-IRC-V1 J1923531-403658_DB_H23_2015-05-12_ird_convert_recenter_dc2022_COBREX_332820,2015-05-13T09:10:43.04,2015-05-13T08:33:45.81,2015-05-13T09:47:37.97,DB_H23,B_H,0.99,3.6,0.9,22.4829,-1.0,-1.0,-1.0,0.79,0.77,0.71,1.0,,,,1.01,,,0.0035,,,3.484,3.2,-1.0,-1.0,-1.0,4.2,4.2,,3.9505,256,256,-52.8385,2022-06-25_04-26-28,0,train,0.0,interactive,,0.03,1,0,1.01,3.484,0.8334,0,0.9251,-1,-1,187
HD_181869__2016-05-21__07-53-18,128,HD_181869,HIP_95347,,HIP_95347,HR_7348,TYC_7935-2139-1,SAO_229659,AKARI-IRC-V1 J1923531-403658_DB_H23_2016-05-20_ird_convert_recenter_dc2022_COBREX_332455,2016-05-21T07:53:18.31,2016-05-21T07:04:31.08,2016-05-21T08:42:05.29,DB_H23,B_H,1.26,2.7,7.72,34.7244,0.425,1.7619,0.7326,1.19,1.16,1.08,1.0,1.2489,0.5016,1.282,,0.0027,0.0042,,2.7348,4.2357,,2.1,0.8279,0.8954,0.6102,4.2,4.2,,3.9505,176,176,-71.4899,2022-06-25_02-37-08,0,train,0.0,interactive,,0.03,0,1,1.282,2.7348,0.7628,1,0.8914,1,0,127
HD_188228__2015-05-12__09-04-54,130,HD_188228,HIP_98495,,HIP_98495,HR_7590,TYC_9315-1893-1,SAO_257757,HIP 98495_DB_H23_2015-05-11_ird_convert_recenter_dc2022_COBREX_332784,2015-05-12T09:04:54.43,2015-05-12T08:28:05.92,2015-05-12T09:41:41.82,DB_H23,B_H,0.99,2.9,4.43,25.0342,-1.0,-1.0,-1.0,1.56,1.22,1.03,1.0,,,,1.0279,,,0.0029,,,2.8778,3.2,-1.0,-1.0,-1.0,3.8,3.762,,3.9635,256,256,-22.3432,2022-06-25_04-14-27,0,train,0.0,interactive,,0.03,0,1,1.0279,2.8778,0.8208,2,0.9207,2,1,148
HD_188228__2015-07-01__05-14-12,132,HD_188228,HIP_98495,,HIP_98495,HR_7590,TYC_9315-1893-1,SAO_257757,HIP 98495_DB_H23_2015-06-30_ird_convert_recenter_dc2022_COBREX_333436,2015-07-01T05:14:12.62,2015-07-01T04:38:33.41,2015-07-01T05:49:50.55,DB_H23,B_H,1.0134,1.2,0.88,61.2048,0.2416,0.7679,0.4373,1.84,1.43,1.17,1.4,,,,,,,,,,,1.2,0.7273,0.9388,0.5582,3.8,3.762,,3.9635,128,128,-21.2979,2022-06-25_07-48-11,0,train,0.0,interactive,,0.04,1,0,1.0134,1.2,0.7234,0,0.8936,-1,-1,85
HD_188228__2016-05-25__09-18-36,133,HD_188228,HIP_98495,,HIP_98495,HR_7590,TYC_9315-1893-1,SAO_257757,HIP 98495_DB_H23_2016-05-24_ird_convert_recenter_dc2022_COBREX_332488,2016-05-25T09:18:36.13,2016-05-25T08:19:25.11,2016-05-25T10:17:48.68,DB_H23,B_H,0.56,5.8,0.23,53.4568,0.0785,0.8453,0.3511,1.36,1.06,0.87,1.2,0.6783,0.2634,0.5462,,0.006,0.0061,,5.9948,6.0804,,9.4,0.856,0.9979,0.5712,3.8,3.762,,3.9635,416,416,-35.4357,2022-06-25_03-04-07,0,train,0.0,interactive,,0.04,1,0,0.5462,5.9948,0.9347,0,0.9708,-1,-1,219
HD_192425__2015-09-28__00-51-15,139,HD_192425,HIP_99742,,HIP_99742,HR_7724,TYC_1618-2331-1,SAO_105878,HIP 99742_DB_H23_2015-09-27_ird_convert_recenter_dc2022_COBREX_335245,2015-09-28T00:51:15.78,2015-09-28T00:14:41.00,2015-09-28T01:27:50.66,DB_H23,B_H,1.51,9.4,2.13,19.2893,0.4245,0.91,0.5798,1.27,1.08,0.98,1.0,,,,1.4806,,,0.0093,,,9.3103,8.8,0.8604,0.9035,0.7727,4.767,4.801,,4.9237,256,256,25.215,2022-06-25_18-49-00,0,train,0.0,interactive,,0.04,1,0,1.4806,9.3103,0.7432,0,0.8722,-1,-1,200
HD_192425__2016-06-11__07-27-45,140,HD_192425,HIP_99742,,HIP_99742,HR_7724,TYC_1618-2331-1,SAO_105878,HIP 99742_DB_H23_2016-06-10_ird_convert_recenter_dc2022_COBREX_332618,2016-06-11T07:27:45.84,2016-06-11T06:35:17.43,2016-06-11T08:20:13.56,DB_H23,B_H,0.64,4.7,2.92,54.2877,-1.0,-1.0,-1.0,1.32,1.12,1.0,1.4,0.7012,0.4595,0.6372,,0.0046,0.0048,,4.5615,4.7955,,3.5,-1.0,-1.0,-1.0,4.767,4.801,,4.9237,96,96,35.6974,2022-06-25_03-38-14,0,train,0.0,interactive,,0.04,1,0,0.6372,4.5615,0.9121,0,0.9594,-1,-1,65
HD_201184__2015-09-29__00-46-20,150,HD_201184,HIP_104365,,HIP_104365,HR_8087,TYC_6358-1841-1,SAO_190050,HIP 104365_DB_H23_2015-09-28_ird_convert_recenter_dc2022_COBREX_335302,2015-09-29T00:46:20.57,2015-09-29T00:09:45.81,2015-09-29T01:22:54.68,DB_H23,B_H,1.91,1.6,9.9,21.588,0.6058,1.303,0.8401,1.33,1.32,1.22,1.0,,,,1.8943,,,0.0016,,,1.5701,2.1,0.7958,0.8609,0.5687,5.305,5.334,,5.3076,256,256,80.5715,2022-06-25_19-04-04,0,train,0.0,interactive,,0.06,0,0,1.8943,1.5701,0.5787,1,0.7946,0,0,146
HD_20630__2015-12-27__01-22-43,154,HD_20630,KAP_CET,,HIP_15457,HR_996,TYC_59-1947-1,SAO_111120,HIP 15457_DB_H23_2015-12-26_ird_convert_recenter_dc2022_COBREX_331870,2015-12-27T01:22:43.13,2015-12-27T00:46:31.50,2015-12-27T01:58:54.49,DB_H23,B_H,1.04,2.9,3.6,20.0151,0.4013,0.9798,0.5792,1.08,1.0,0.92,1.0,,,,1.1872,,,0.0032,,,3.1881,4.7,0.9065,0.9345,0.824,2.957,3.039,4.27,4.6565,480,480,33.2458,2022-06-24_21-10-21,0,train,0.0,interactive,,0.04,0,1,1.1872,3.1881,0.7911,1,0.9039,2,1,302
HD_210049__2016-09-17__03-22-07,157,HD_210049,HIP_109285,,HIP_109285,HR_8431,TYC_7492-1466-1,SAO_213576,HIP 109285_DB_H23_2016-09-16_ird_convert_recenter_dc2022_COBREX_waffles_only_329726,2016-09-17T03:22:07.89,2016-09-17T02:46:18.86,2016-09-17T04:01:56.26,DB_H23,B_H,0.6,19.7,1.43,13.8067,-1.0,-1.0,-1.0,0.8,0.79,0.73,0.8,0.7126,0.2304,0.5918,,0.0201,0.0249,,20.1406,24.873,,20.4,-1.0,-1.0,-1.0,4.309,4.55,4.43,4.4659,420,420,-87.6297,2022-06-16_12-16-33,0,train,0.0,interactive,,0.03,1,0,0.5918,20.1406,0.9362,0,0.9687,-1,-1,335
HD_210049__2016-10-14__01-15-39,158,HD_210049,HIP_109285,,HIP_109285,HR_8431,TYC_7492-1466-1,SAO_213576,HIP 109285_DB_H23_2016-10-13_ird_convert_recenter_dc2022_COBREX_waffles_only_330681,2016-10-14T01:15:39.62,2016-10-14T00:44:36.38,2016-10-14T01:48:40.50,DB_H23,B_H,0.74,2.4,5.3,53.8747,-1.0,-1.0,-1.0,0.9,0.89,0.83,1.4,0.8498,0.4761,0.7371,,0.0024,0.0026,,2.4006,2.5847,,3.3,-1.0,-1.0,-1.0,4.309,4.55,4.43,4.4659,80,80,-84.1233,2022-06-17_18-39-16,0,train,0.0,interactive,,0.03,0,1,0.7371,2.4006,0.8647,2,0.9447,2,1,64
HD_218396__2017-06-15__10-12-26,166,HD_218396,HIP_114189,,HIP_114189,HR_8799,TYC_1718-2350-1,SAO_91022,HD 218396f_DB_H23_2017-06-14_ird_convert_recenter_dc2022_COBREX_waffles_only_332112,2017-06-15T10:12:26.14,2017-06-15T09:41:37.01,2017-06-15T10:43:15.27,DB_H23,B_H,0.92,2.8,11.45,35.7434,0.4565,1.0313,0.6578,1.4,1.13,1.0,1.0,0.8882,0.3317,0.893,,0.003,0.0074,,3.0402,7.3985,,2.7,0.9253,0.9506,0.8687,5.24,5.28,,5.9107,144,144,19.2834,2022-06-24_22-47-51,0,train,0.0,interactive,,0.04,0,1,0.893,3.0402,0.8458,2,0.9256,2,1,84
HD_220825__2015-09-25__03-36-55,173,HD_220825,HIP_115738,,HIP_115738,HR_8911,TYC_578-1415-1,SAO_128186,HIP 115738_DB_H23_2015-09-24_ird_convert_recenter_dc2022_COBREX_335233,2015-09-25T03:36:55.85,2015-09-25T02:54:10.14,2015-09-25T04:19:41.35,DB_H23,B_H,1.32,3.1,6.43,45.898,0.3959,1.0423,0.6315,1.15,1.08,1.03,1.0,,,,1.2458,,,0.0032,,,3.2076,4.2,0.8457,0.8865,0.7252,4.96,4.97,4.87,4.9155,300,300,41.3384,2022-06-25_18-40-44,0,train,0.0,interactive,,0.04,0,1,1.2458,3.2076,0.7774,1,0.8954,2,1,234
HD_25284__2015-09-30__07-14-00,178,HD_25284,HD_25284,,,,TYC_6461-1120-1,SAO_169022,2MASS J04000395-2902280_DB_H23_2015-09-29_ird_convert_recenter_dc2022_COBREX_329046,2015-09-30T07:14:00.63,2015-09-30T06:38:25.29,2015-09-30T07:49:36.00,DB_H23,B_H,1.34,1.9,6.85,33.33,0.3131,1.3734,0.6079,1.05,1.03,0.98,1.0,,,,1.3452,,,0.002,,,1.9853,1.3,0.7189,0.7744,0.6195,7.201,7.386,,9.7487,128,128,-38.753,2022-06-13_12-26-29,0,train,0.0,interactive,,0.06,0,1,1.3452,1.9853,0.5226,0,0.6914,0,0,74
HD_29391__2015-12-26__02-28-43,180,HD_29391,51_ERI,,HIP_21547,HR_1474,TYC_4739-1551-1,SAO_131358,HIP 21547_DB_H23_2015-12-25_ird_convert_recenter_dc2022_COBREX_335548,2015-12-26T02:28:43.69,2015-12-26T01:52:08.27,2015-12-26T03:05:18.65,DB_H23,B_H,1.18,1.8,3.13,26.8332,0.5248,1.3223,0.8176,1.4,1.33,1.24,1.0,,,,1.6333,,,0.0014,,,1.376,1.8,0.8193,0.8756,0.6694,4.537,4.77,,5.1412,256,256,37.5614,2022-06-25_22-39-14,0,train,0.0,interactive,,0.04,0,1,1.6333,1.376,0.6201,1,0.825,1,0,197
HD_29391__2016-01-16__01-44-58,181,HD_29391,HIP_21547,,HIP_21547,HR_1474,TYC_4739-1551-1,SAO_131358,HIP 21547_DB_H23_2016-01-15_ird_convert_recenter_dc2022_COBREX_331426,2016-01-16T01:44:58.75,2016-01-16T01:08:23.42,2016-01-16T02:21:37.00,DB_H23,B_H,1.91,1.3,12.9,27.7073,0.665,1.432,0.9329,1.55,1.47,18.31,1.0,,,,1.8961,,,0.0013,,,1.3083,1.1,0.8062,0.8696,0.6437,4.537,4.77,,5.1412,256,256,41.8108,2022-06-22_15-32-38,0,train,0.0,interactive,,0.04,0,0,1.8961,1.3083,0.5568,1,0.7878,0,0,171
HD_3003__2016-09-16__05-31-23,186,HD_3003,HIP_2578,,HIP_2578,HR_136,TYC_8844-1521-1,SAO_248208,HIP 2578_DB_H23_2016-09-15_ird_convert_recenter_dc2022_COBREX_332850,2016-09-16T05:31:23.01,2016-09-16T04:47:37.66,2016-09-16T06:15:10.40,DB_H23,B_H,0.54,6.2,7.43,17.2825,-1.0,-1.0,-1.0,1.11,0.96,0.89,1.0,0.61,0.2617,0.551,,0.0062,0.013,,6.179,13.0144,,7.4,-1.0,-1.0,-1.0,4.985,5.156,,5.055,80,80,-31.5309,2022-06-25_04-42-29,0,train,0.0,interactive,,0.03,0,2,0.551,6.179,0.9325,2,0.9671,2,2,80
HD_35114__2017-02-12__01-09-44,193,HD_35114,HIP_24947,,HIP_24947,,TYC_7599-832-1,SAO_195766,HIP 24947_DB_H23_2017-02-11_ird_convert_recenter_dc2022_COBREX_335283,2017-02-12T01:09:44.92,2017-02-12T00:16:42.84,2017-02-12T02:05:03.76,DB_H23,B_H,1.03,4.5,5.85,33.5393,0.5271,1.2905,0.7298,1.2,1.16,1.08,0.8,,,1.0411,,,,,,,,5.4,0.7706,0.8311,0.6204,6.144,6.218,,7.2616,96,96,-72.9412,2022-06-25_18-57-02,0,train,0.0,interactive,,0.04,0,1,1.0411,4.5,0.815,2,0.8865,1,1,79
HD_377__2016-10-14__02-57-13,195,HD_377,HIP_682,,HIP_682,,TYC_7-632-1,SAO_109027,HIP 682_DB_H23_2016-10-13_ird_convert_recenter_dc2022_COBREX_330679,2016-10-14T02:57:13.01,2016-10-14T02:13:19.40,2016-10-14T03:41:10.77,DB_H23,B_H,0.63,2.8,6.03,54.9043,-1.0,-1.0,-1.0,0.98,0.89,0.81,1.4,0.7518,0.3502,0.6562,,0.0028,0.0032,,2.8467,3.1604,,2.0,-1.0,-1.0,-1.0,6.116,6.149,,7.4505,80,80,35.7508,2022-06-17_18-36-49,0,train,0.0,interactive,,0.03,0,1,0.6562,2.8467,0.8652,2,0.9093,2,1,64
HD_45270__2016-01-16__03-24-43,214,HD_45270,HIP_30314,,HIP_30314,,TYC_8894-491-1,SAO_249526,HIP 30314_DB_H23_2016-01-15_ird_convert_recenter_dc2022_COBREX_331427,2016-01-16T03:24:43.22,2016-01-16T02:48:09.13,2016-01-16T04:01:19.82,DB_H23,B_H,1.69,1.6,10.6,26.644,0.6092,1.5366,0.9249,1.46,1.29,1.2,1.0,,,,1.6921,,,0.0016,,,1.553,1.9,0.7833,0.8431,0.6485,5.045,5.16,,6.3652,256,256,-28.3446,2022-06-22_15-32-38,0,train,0.0,interactive,,0.04,0,0,1.6921,1.553,0.6179,1,0.8117,1,0,180
HD_55279__2015-12-27__05-19-54,216,HD_55279,HIP 33737,,HIP_33737,,TYC_9388-1112-1,,HIP 33737_DB_H23_2015-12-26_ird_convert_recenter_dc2022_COBREX_331871,2015-12-27T05:19:54.98,2015-12-27T04:44:45.11,2015-12-27T05:55:03.82,DB_H23,B_H,1.58,2.2,1.38,20.8227,0.4203,1.0157,0.5546,1.44,1.03,0.84,1.0,,,,1.4704,,,0.0025,,,2.4763,1.9,0.7346,0.7657,0.6652,7.652,7.831,,9.7772,64,64,-19.2161,2022-06-24_21-02-16,0,train,0.0,interactive,,0.04,1,0,1.4704,2.4763,0.5484,0,0.6908,-1,-1,64
HD_55279__2017-02-08__02-59-38,217,HD_55279,HIP_33737,,HIP_33737,,TYC_9388-1112-1,,HIP 33737_DB_H23_2017-02-07_ird_convert_recenter_dc2022_COBREX_waffles_only_333506,2017-02-08T02:59:38.96,2017-02-08T02:03:09.51,2017-02-08T04:00:42.80,DB_H23,B_H,0.6,6.7,4.53,29.7862,0.4954,1.2123,0.7077,1.63,1.17,0.95,1.0,,,0.5946,,,,,,,,6.9,0.7149,0.7798,0.6346,7.652,7.831,,9.7772,78,78,-32.2407,2022-06-25_07-59-43,0,train,0.0,interactive,,0.04,0,2,0.5946,6.7,0.807,2,0.7949,0,2,67
HD_56022__2016-03-30__00-11-02,219,HD_56022,HIP_34899,,HIP_34899,HR_2746,TYC_8119-1757-1,SAO_218546,HIP 34899_DB_H23_2016-03-29_ird_convert_recenter_dc2022_COBREX_waffles_only_328271,2016-03-30T00:11:02.49,2016-03-29T23:26:27.21,2016-03-30T00:55:37.51,DB_H23,B_H,0.93,3.3,4.75,26.7939,0.2529,1.0621,0.4228,1.02,0.96,0.89,1.4,,,,1.0038,,,0.0033,,,3.2925,2.3,0.913,0.9358,0.8101,4.874,4.949,,4.8553,80,80,-47.7005,2022-06-08_16-05-51,0,train,0.0,interactive,,0.03,0,2,1.0038,3.2925,0.831,2,0.9226,2,1,66
HD_71155__2016-01-19__05-00-11,222,HD_71155,HIP_41307,,HIP_41307,HR_3314,TYC_4857-2151-1,SAO_135896,HIP 41307_DB_H23_2016-01-18_ird_convert_recenter_dc2022_COBREX_332035,2016-01-19T05:00:11.88,2016-01-19T04:26:27.46,2016-01-19T05:33:56.41,DB_H23,B_H,1.8,1.6,7.75,30.5316,0.4519,1.3227,0.7085,1.33,1.27,1.16,1.0,,,,1.7595,,,0.0016,,,1.6235,1.3,0.8791,0.9176,0.7485,3.93,3.92,3.87,3.9023,448,448,40.4293,2022-06-24_22-31-22,0,train,0.0,interactive,,0.04,0,0,1.7595,1.6235,0.614,1,0.8183,1,0,325
HD_75416__2016-12-13__07-47-26,228,HD_75416,HIP_42637,,HIP_42637,HR_3502,TYC_9403-1986-1,SAO_256543,HIP 42637_DB_H23_2016-12-12_ird_convert_recenter_dc2022_COBREX_waffles_only_333321,2016-12-13T07:47:26.63,2016-12-13T06:55:56.14,2016-12-13T08:38:46.21,DB_H23,B_H,0.69,5.6,7.88,18.9281,-1.0,-1.0,-1.0,1.28,0.92,0.82,1.0,0.7111,0.372,0.6797,,0.0059,0.0103,,5.9479,10.3326,,4.1,-1.0,-1.0,-1.0,5.718,5.721,,5.4426,90,90,-28.4732,2022-06-25_07-33-08,0,train,0.0,interactive,,0.04,0,2,0.6797,5.9479,0.9091,2,0.9545,2,2,75
HD_84075__2017-02-11__04-54-44,235,HD_84075,HIP_47135,,HIP_47135,,TYC_9400-1713-1,SAO_256643,HIP 47135_DB_H23_2017-02-10_ird_convert_recenter_dc2022_COBREX_333619,2017-02-11T04:54:44.15,2017-02-11T04:10:55.39,2017-02-11T05:38:32.17,DB_H23,B_H,0.51,6.1,11.0,35.2689,0.4055,0.7626,0.5413,1.82,1.32,21.3,0.8,,,0.5249,,,,,,,,4.0,0.6911,0.7316,0.6112,7.16,7.241,,8.4458,80,80,-24.4086,2022-06-25_08-19-38,0,train,0.0,interactive,,0.04,0,2,0.5249,6.1,0.8786,2,0.9136,2,2,79
HD_88955__2016-03-27__02-19-10,240,HD_88955,HIP_50191,,HIP_50191,HR_4023,TYC_7716-3704-1,SAO_221895,HIP 50191_DB_H23_2016-03-26_ird_convert_recenter_dc2022_COBREX_waffles_only_332234,2016-03-27T02:19:10.89,2016-03-27T01:50:03.97,2016-03-27T02:48:16.93,DB_H23,B_H,2.78,0.9,11.78,26.03,0.812,1.9533,1.3212,1.73,1.68,1.48,1.4,,,,2.7648,,,0.0009,,,0.9221,0.9,0.6535,0.8178,0.4407,3.74,3.75,3.83,3.8467,100,100,-40.6608,2022-06-24_23-42-23,0,train,0.0,interactive,,0.03,0,0,2.7648,0.9221,0.3396,0,0.6475,0,0,68
HD_88955__2018-01-05__08-09-37,241,HD_88955,HIP_50191,,HIP_50191,HR_4023,TYC_7716-3704-1,SAO_221895,HIP 50191_DB_H23_2018-01-04_ird_convert_recenter_dc2022_COBREX_waffles_only_333026,2018-01-05T08:09:37.77,2018-01-05T07:41:10.26,2018-01-05T08:43:40.83,DB_H23,B_H,0.55,7.8,1.33,33.4588,0.193,0.3481,0.268,0.81,0.79,0.73,1.0,0.6467,0.2277,0.5468,,0.0079,0.0081,,7.9002,8.1112,,10.0,0.9048,0.9222,0.873,3.74,3.75,3.83,3.8467,675,675,-44.3999,2022-06-25_06-03-15,0,train,0.0,interactive,,0.04,0,2,0.5468,7.9002,0.9388,2,0.972,2,2,462
HD_9054__2015-09-30__05-10-46,243,HD_9054,HIP_6856,,HIP_6856,,TYC_8474-825-1,,NAME HIP 6856 cc-2_DB_H23_2015-09-29_ird_convert_recenter_dc2022_COBREX_329045,2015-09-30T05:10:46.30,2015-09-30T04:24:07.83,2015-09-30T06:04:12.98,DB_H23,B_H,0.98,2.6,3.1,32.2242,0.2523,0.6224,0.3256,0.84,0.78,0.74,1.0,,,,1.0029,,,0.0025,,,2.5,3.0,0.7394,0.787,0.668,6.834,6.944,,8.9754,160,160,-46.3504,2022-06-13_12-27-37,0,train,0.0,interactive,,0.06,0,1,1.0029,2.5,0.6675,1,0.812,1,1,94
HD_987__2016-10-15__03-30-20,259,HD_987,HIP_1113,,HIP_1113,,TYC_9140-1231-1,SAO_255646,HIP 1113_DB_H23_2016-10-14_ird_convert_recenter_dc2022_COBREX_329110,2016-10-15T03:30:20.56,2016-10-15T02:39:59.60,2016-10-15T04:21:07.17,DB_H23,B_H,0.71,2.2,7.65,62.1151,-1.0,-1.0,-1.0,1.66,1.28,1.04,1.0,0.7643,0.5487,0.6978,,0.0022,0.0024,,2.2455,2.3861,,2.3,-1.0,-1.0,-1.0,6.962,7.087,,8.6543,90,90,-29.6775,2022-06-13_14-13-43,0,train,0.0,interactive,,0.05,0,1,0.6978,2.2455,0.6968,1,0.8492,1,1,69
HIP_113201__2016-09-18__03-41-55,262,HIP_113201,HIP_113201,,HIP_113201,,TYC_8453-729-1,,HIP 113201_DB_H23_2016-09-17_ird_convert_recenter_dc2022_COBREX_330640,2016-09-18T03:41:55.74,2016-09-18T03:00:45.26,2016-09-18T04:31:40.71,DB_H23,B_H,0.94,4.2,10.07,8.7503,-1.0,-1.0,-1.0,1.26,1.17,1.08,1.0,0.9472,0.6892,0.9369,,0.0042,0.0089,,4.2488,8.8511,,5.0,-1.0,-1.0,-1.0,7.418,7.66,10.52,10.6617,144,144,-43.3656,2022-06-17_18-19-44,0,train,0.0,interactive,,0.05,0,2,0.9369,4.2488,0.6015,1,0.7302,0,2,120
HIP_23200__2015-09-28__08-50-29,265,HIP_23200,GJ_182,,HIP_23200,,TYC_85-1075-1,,HIP 23200_DB_H23_2015-09-27_ird_convert_recenter_dc2022_COBREX_335247,2015-09-28T08:50:29.20,2015-09-28T08:15:19.98,2015-09-28T09:25:36.42,DB_H23,B_H,0.91,25.7,1.27,21.5741,0.1965,0.3589,0.2539,0.82,0.76,0.71,1.0,,,,0.9065,,,0.0226,,,22.5923,42.3,0.8203,0.8434,0.7964,6.261,6.45,9.603,9.3221,64,64,32.8749,2022-06-25_18-45-04,0,train,0.0,interactive,,0.06,1,0,0.9065,22.5923,0.7958,0,0.8009,-1,-1,64
TYC_1090-543-1__2016-09-17__01-28-31,278,TYC_1090-543-1,TYC_1090_0543_1,,,,TYC_1090-543-1,,2MASS J20542799+0906066_DB_H23_2016-09-16_ird_convert_recenter_dc2022_COBREX_waffles_only_329725,2016-09-17T01:28:31.80,2016-09-17T00:39:32.57,2016-09-17T02:18:00.43,DB_H23,B_H,0.62,17.0,0.75,14.522,-1.0,-1.0,-1.0,1.12,0.99,0.94,0.8,0.7379,0.361,0.6275,,0.0163,0.0185,,16.3158,18.5416,,29.6,-1.0,-1.0,-1.0,8.823,8.905,10.58,11.2543,75,75,37.4706,2022-06-16_12-08-49,0,train,0.0,interactive,,0.1,1,0,0.6275,16.3158,0.8067,0,0.7876,-1,-1,71
TYC_5882-1169-1__2016-09-18__09-13-52,284,TYC_5882-1169-1,PPM213757,,,,TYC_5882-1169-1,,2MASS J04021648-1521297_DB_H23_2016-09-17_ird_convert_recenter_dc2022_COBREX_330642,2016-09-18T09:13:52.38,2016-09-18T08:30:19.36,2016-09-18T10:05:21.71,DB_H23,B_H,0.84,4.7,10.82,6.5891,-1.0,-1.0,-1.0,1.04,1.02,0.95,1.0,0.8753,0.7438,0.8003,,0.0049,0.0067,,4.8819,6.6942,,4.7,-1.0,-1.0,-1.0,7.573,7.703,,9.7664,76,76,87.6469,2022-06-17_18-18-03,0,train,0.0,interactive,,0.03,0,2,0.8003,4.8819,0.7554,1,0.7769,0,2,64
TYC_7286-248-1__2015-05-13__03-59-04,296,TYC_7286-248-1,TYC_7286_0248_1,,,,TYC_7286-248-1,,2MASS J14172009-3230469_DB_H23_2015-05-12_ird_convert_recenter_dc2022_COBREX_332818,2015-05-13T03:59:04.36,2015-05-13T03:23:42.38,2015-05-13T04:34:23.92,DB_H23,B_H,1.05,3.0,2.35,28.0271,-1.0,-1.0,-1.0,0.77,0.76,0.69,1.0,,,,1.019,,,0.003,,,2.9633,3.4,-1.0,-1.0,-1.0,7.711,7.855,,10.3703,64,64,-82.4168,2022-06-25_04-21-59,0,train,0.0,interactive,,0.04,1,0,1.019,2.9633,0.482,0,0.7036,-1,-1,64
TYC_7617-549-1__2016-12-13__05-46-04,300,TYC_7617-549-1,TYC_7617_0549_1,,,,TYC_7617-549-1,,2MASS J06260690-4102538_DB_H23_2016-12-12_ird_convert_recenter_dc2022_COBREX_333312,2016-12-13T05:46:04.64,2016-12-13T05:02:17.40,2016-12-13T06:29:50.16,DB_H23,B_H,0.59,6.7,5.9,19.602,-1.0,-1.0,-1.0,0.86,0.84,0.78,0.8,0.6395,0.5354,0.6045,,0.0066,0.0072,,6.5805,7.2263,,6.1,-1.0,-1.0,-1.0,8.02,8.157,,9.8672,80,80,-63.9913,2022-06-25_07-29-53,0,train,0.0,interactive,,0.04,0,2,0.6045,6.5805,0.7968,1,0.781,0,2,68
TYC_8760-1468-1__2015-06-27__05-23-59,311,TYC_8760-1468-1,TYC_8760_1468_1,,,,TYC_8760-1468-1,,2MASS J19092150-5417073_DB_H23_2015-06-26_ird_convert_recenter_dc2022_COBREX_333187,2015-06-27T05:23:59.57,2015-06-27T04:40:12.75,2015-06-27T06:07:45.87,DB_H23,B_H,0.58,4.0,6.0,29.4995,0.2244,0.4478,0.303,0.85,0.78,0.74,1.4,,,,0.5813,,,0.0042,,,4.1844,3.5,0.7121,0.7881,0.5134,7.699,7.85,,9.7085,80,80,-39.3022,2022-06-25_06-56-44,0,train,0.0,interactive,,0.04,0,2,0.5813,4.1844,0.7779,1,0.7961,0,2,77
TYC_9340-437-1__2015-10-25__00-30-26,314,TYC_9340-437-1,TYC_9340_0437_1,,,,TYC_9340-437-1,,2MASS J22424896-7142211_DB_H23_2015-10-24_ird_convert_recenter_dc2022_COBREX_331721,2015-10-25T00:30:26.28,2015-10-24T23:40:53.62,2015-10-25T01:36:43.47,DB_H23,B_H,1.02,1.4,9.95,48.928,0.4658,1.3406,0.703,1.56,1.23,1.09,1.4,,,,1.0074,,,0.0016,,,1.6044,1.6,0.3508,0.4881,0.162,6.894,7.123,10.401,9.8217,80,80,-35.3562,2022-06-23_16-37-36,0,train,0.0,interactive,,0.03,0,1,1.0074,1.6044,0.2059,0,0.5702,0,1,72
