obs_id,seeing_avg,seeing_min,seeing_max,seeing_ambi_fwhm,seeing_tel_fwhm,seeing_tel_fwhmlin,seeing_tel_fwhmlinobs,windspeed_ambi
2MASS_J00172353-6645124__2015-10-01__05-06-04,0.385318,0.305078,0.498382,1.0,0.87,0.98,1.18,3.4
2MASS_J00172353-6645124__2016-09-17__05-06-54,-1.0,-1.0,-1.0,0.8,0.88,0.96,1.15,1.95
2MASS_J00172353-6645124__2017-11-06__02-01-55,0.561853,0.372301,1.03611,1.0,1.05,1.13,1.35,1.65
2MASS_J06255610-6003273__2015-02-07__01-33-14,-1.0,-1.0,-1.0,1.2,0.83,0.9,1.02,4.08
2MASS_J07065772-5353463__2017-02-11__02-46-03,0.388059,0.288837,0.567415,0.8,0.75,0.79,0.87,10.2
2MASS_J14081015-4123525__2018-05-18__03-24-26,0.386828,0.297557,0.472931,1.0,0.76,0.81,0.84,0.65
2MASS_J20013718-3313139__2015-09-30__00-10-10,0.514323,0.313148,1.38726,1.0,0.84,0.91,0.92,6.75
2MASS_J22021626-4210329__2016-06-11__09-29-34,-1.0,-1.0,-1.0,1.4,0.95,1.01,1.04,2.53
HD_100453__2016-01-16__07-17-51,0.510169,0.381024,0.739281,1.2,0.89,0.99,1.1,0.13
HD_100453__2016-01-21__05-34-59,0.562986,0.403488,0.856366,1.2,0.95,1.06,1.27,4.28
HD_100546__2015-05-04__01-08-29,-1.0,-1.0,-1.0,1.0,0.96,1.04,1.29,6.1
HD_100546__2015-05-29__23-49-24,0.453051,0.294736,0.908011,1.0,0.88,0.97,1.21,8.32
HD_100546__2016-03-27__04-00-49,1.32145,0.856859,2.31588,1.0,1.36,1.61,2.0,13.13
HD_100546__2016-05-31__23-41-26,0.639723,0.260948,1.14912,1.0,1.01,1.18,1.47,11.2
HD_100546__2018-03-29__04-14-54,0.482795,0.408887,0.644068,1.0,1.05,1.2,1.48,3.1
HD_101615__2016-06-02__00-32-53,-1.0,-1.0,-1.0,1.0,0.68,0.74,0.77,6.03
HD_102647__2015-05-31__02-07-12,0.807289,0.62697,1.15777,1.0,30.05,1.37,1.81,6.15
HD_102647__2015-05-31__23-39-09,-1.0,-1.0,-1.0,1.0,1.05,1.13,1.32,5.5
HD_103599__2015-06-02__23-29-37,0.659577,0.511827,0.993654,1.0,1.04,1.12,1.22,3.53
HD_104125__2015-06-03__23-27-24,0.620616,0.462123,0.938001,1.0,3.05,1.15,1.28,5.8
HD_104125__2016-03-30__04-41-34,0.717962,0.439726,1.90884,1.0,1.14,1.15,1.28,6.95
HD_105__2015-09-26__03-36-17,0.397427,0.270992,0.697704,1.0,0.79,0.84,0.88,2.38
HD_106048__2016-06-13__23-30-15,-1.0,-1.0,-1.0,1.0,1.0,1.07,1.16,10.43
HD_106048__2017-05-07__01-28-26,0.718997,0.473937,1.62675,1.0,0.97,1.03,1.12,14.48
HD_106048__2018-03-30__03-48-28,0.45167,0.329938,0.75904,1.0,0.85,0.92,1.01,2.83
HD_107301__2015-06-05__23-37-34,0.590486,0.409387,0.97388,1.0,0.97,1.04,1.23,11.18
HD_107301__2016-01-19__06-40-27,0.978174,0.648555,1.40127,1.0,1.23,1.33,1.68,9.05
HD_107821__2015-02-04__08-27-21,-1.0,-1.0,-1.0,1.2,0.73,0.78,0.92,3.35
HD_108767B__2016-06-11__23-43-59,-1.0,-1.0,-1.0,1.0,1.02,1.09,1.1,14.07
HD_108767__2018-01-25__08-46-24,0.317244,0.235232,0.497645,1.0,0.69,0.76,0.76,1.13
HD_109536__2016-04-21__03-19-59,0.878668,0.561437,1.61219,0.8,1.15,1.23,1.26,10.6
HD_109536__2018-06-18__23-28-19,1.10772,0.799896,1.69178,1.0,1.44,1.6,1.64,11.38
HD_109573__2015-02-03__08-45-39,-1.0,-1.0,-1.0,1.2,0.66,0.73,0.74,3.6
HD_110411__2016-06-11__00-13-20,-1.0,-1.0,-1.0,1.4,0.97,1.04,1.17,5.25
HD_113457__2016-04-17__04-19-01,0.690819,0.437731,1.50051,0.8,1.0,1.13,1.33,9.43
HD_115383__2015-05-06__03-19-20,-1.0,-1.0,-1.0,1.4,0.75,0.81,0.91,1.75
HD_115383__2015-06-03__01-11-22,0.654046,0.457908,1.02719,1.0,1.05,1.13,1.27,2.05
HD_115383__2015-06-05__01-31-11,0.742864,0.519422,1.32979,1.4,1.16,1.23,1.39,13.75
HD_115383__2015-06-06__01-30-46,0.521638,0.338851,0.783586,1.4,0.88,0.96,1.1,10.43
2MASS_J00172353-6645124__2015-10-01__05-06-04,-1.0,-1.0,-1.0,1.4,1.2,1.36,1.54,11.65
HD_115383__2016-03-29__05-49-19,0.498173,0.29771,0.985088,1.0,0.83,1.03,1.15,10.2
HD_115383__2017-02-10__08-50-22,0.636809,0.37969,1.21793,1.4,1.01,1.04,1.17,7.83
HD_115383__2018-04-13__04-58-18,0.234032,0.190322,0.360797,1.0,0.69,0.74,0.83,1.7
HD_115470__2016-04-01__05-36-30,0.270986,0.190631,0.399397,1.4,0.67,0.73,0.76,3.45
HD_115470__2017-02-08__08-45-15,0.396253,0.280713,0.811446,1.0,0.73,0.78,0.81,6.0
HD_115600__2015-06-04__01-05-14,0.650314,0.450581,1.21424,1.0,1.06,1.13,1.28,3.9
HD_115600__2017-05-08__02-57-36,-1.0,-1.0,-1.0,1.0,1.06,1.15,1.3,16.18
HD_116434__2016-05-31__01-33-30,0.671252,0.398433,1.45568,1.0,1.04,1.09,1.17,7.35
HD_116434__2016-06-26__23-59-43,-1.0,-1.0,-1.0,1.0,0.98,1.04,1.12,2.23
HD_116434__2017-02-07__08-36-46,0.393524,0.277587,0.675053,1.0,243.44,0.97,1.05,8.8
HD_116434__2017-02-09__08-53-33,0.473932,0.0161922,0.990646,1.0,0.8,0.88,0.94,7.05
HD_116434__2018-05-13__03-08-58,0.531625,0.289217,0.991043,1.0,0.89,0.96,1.03,8.32
HD_118100__2016-06-27__23-49-18,-1.0,-1.0,-1.0,1.0,1.02,1.08,1.11,11.05
HD_118588__2015-05-15__02-41-39,-1.0,-1.0,-1.0,1.0,0.65,0.7,0.73,6.13
HD_118697__2016-06-02__02-08-17,-1.0,-1.0,-1.0,1.0,0.71,0.76,0.83,3.33
HD_122705__2015-03-31__05-47-53,-1.0,-1.0,-1.0,1.2,0.8,0.86,0.92,13.1
HD_122705__2016-03-30__06-08-16,0.385969,0.2885,0.615429,1.0,56.3,1.66,1.77,5.18
HD_125451__2016-06-12__01-39-47,-1.0,-1.0,-1.0,1.0,1.16,1.27,1.46,15.78
HD_128819__2016-04-17__06-04-03,0.586865,0.399426,1.1317,0.8,3.45,0.99,1.02,12.45
HD_128819__2017-03-19__07-35-26,0.389406,0.233446,0.774352,1.4,0.71,0.97,1.0,1.63
HD_128987__2016-06-01__02-51-53,0.62345,0.456561,0.925493,1.0,0.96,1.03,1.04,8.48
HD_131399__2016-05-07__04-28-37,0.563085,0.381898,0.798562,1.2,0.98,1.03,1.04,10.57
HD_131835__2015-05-14__04-10-05,-1.0,-1.0,-1.0,1.0,0.56,0.83,0.85,5.47
HD_133803__2016-04-21__05-24-48,1.27284,0.828705,1.8831,0.8,1.46,1.6,1.61,10.9
HD_133803__2016-06-28__01-37-21,-1.0,-1.0,-1.0,1.0,2.45,1.34,1.35,15.85
HD_138204__2016-03-29__07-23-28,0.698514,0.344927,1.62439,1.0,2.74,1.14,1.17,13.73
HD_140840__2016-04-21__07-08-29,1.19427,0.686098,2.01932,0.8,1.35,1.53,1.56,12.1
HD_141190__2015-03-31__08-08-20,-1.0,-1.0,-1.0,1.2,0.74,0.8,0.81,16.73
HD_141190__2015-06-09__03-06-49,0.441429,0.361994,0.633998,1.2,0.88,0.92,0.93,4.7
HD_141378__2015-06-05__03-13-45,0.687884,0.511276,1.05957,1.0,1.06,1.13,1.18,11.53
HD_141943__2016-05-25__03-43-09,0.428874,0.28824,0.619872,1.0,0.83,0.89,0.93,1.5
HD_141943__2016-05-31__03-34-49,0.618092,0.460209,0.878431,1.0,5.44,1.12,1.16,9.07
HD_141943__2017-04-30__05-57-20,0.398,0.257246,0.620379,1.0,0.75,0.81,0.83,8.53
HD_14228__2015-09-26__07-10-54,0.381405,0.274464,0.650668,1.0,0.77,0.82,0.88,3.6
HD_14228__2016-09-17__07-03-47,-1.0,-1.0,-1.0,0.8,103.39,0.83,0.89,1.68
HD_14228__2017-09-01__08-08-21,-1.0,-1.0,-1.0,1.0,0.79,0.83,0.89,4.05
HD_14228__2017-09-01__08-36-51,0.421519,0.310426,0.601347,1.0,0.81,0.87,0.93,4.3
HD_142705__2015-05-09__04-57-46,-1.0,-1.0,-1.0,1.0,0.89,0.96,0.96,7.95
HD_142851__2015-06-03__04-11-46,0.446764,0.316651,0.676237,1.0,0.79,0.84,0.84,7.68
HD_143488__2015-05-09__06-23-56,-1.0,-1.0,-1.0,1.0,0.91,0.97,1.0,8.13
HD_143488__2015-05-19__06-12-06,-1.0,-1.0,-1.0,1.2,0.93,0.99,1.03,5.75
HD_143488__2016-06-11__03-31-24,-1.0,-1.0,-1.0,1.0,0.93,1.0,1.02,3.38
HD_143567__2015-05-04__06-05-18,-1.0,-1.0,-1.0,1.4,0.77,0.83,0.83,4.22
HD_143637__2015-06-01__04-01-40,0.615144,0.40756,1.17364,1.0,1.13,1.14,1.15,3.28
HD_143637__2015-06-04__03-02-47,0.510304,0.306241,0.998166,1.0,0.9,0.98,1.0,8.3
HD_143637__2015-06-04__05-01-24,0.454706,0.322116,0.723197,1.0,0.76,0.82,0.84,8.48
HD_143637__2017-03-20__08-45-00,0.441069,0.291736,0.998517,1.4,0.87,0.93,0.94,4.65
HD_1466__2015-10-26__03-01-44,0.681403,0.458615,1.39922,1.4,1.05,1.13,1.32,1.77
HD_1466__2016-09-18__05-32-12,-1.0,-1.0,-1.0,1.0,1.07,1.16,1.36,10.23
HD_147553__2015-05-30__05-02-09,0.342832,0.258761,0.638762,1.0,0.71,0.77,0.78,7.68
HD_147553__2016-03-28__08-37-36,1.65741,1.21853,2.25479,1.4,1.72,2.0,2.02,11.63
HD_147553__2016-04-17__07-54-03,0.993293,0.579273,1.5987,1.0,1.2,1.27,1.29,13.57
HD_147553__2018-06-18__03-58-47,1.78969,1.03584,2.20306,1.0,1.66,3.05,3.11,16.9
HD_148055__2015-04-05__07-36-58,-1.0,-1.0,-1.0,1.2,0.82,0.87,0.89,1.68
HD_148055__2016-03-29__08-59-17,0.829375,0.472415,1.27014,1.0,1.12,1.19,1.22,11.88
HD_15115__2015-10-26__04-40-45,0.514584,0.338164,0.961718,1.4,0.89,0.95,1.05,3.2
HD_151726__2016-04-01__09-11-13,0.402884,0.288944,0.758384,1.0,0.76,0.82,0.84,6.0
HD_151726__2017-05-18__06-18-50,0.805169,0.543928,1.23189,1.0,1.1,1.17,1.19,11.6
HD_151798__2016-06-12__03-47-07,-1.0,-1.0,-1.0,1.0,1.09,1.15,1.17,10.35
HD_152391__2015-06-05__05-03-34,0.664154,0.493156,0.96214,1.0,1.07,1.15,1.23,14.05
HD_156097__2016-06-28__03-39-05,-1.0,-1.0,-1.0,1.0,1.28,1.37,1.37,15.68
HD_159492__2016-06-11__05-40-25,-1.0,-1.0,-1.0,1.0,1.06,1.11,1.22,3.2
HD_159911__2015-05-12__07-17-59,-1.0,-1.0,-1.0,1.0,0.7,0.76,0.78,2.6
HD_159911__2016-04-16__09-34-10,0.362914,0.221434,0.690129,0.8,0.76,0.84,0.88,7.45
HD_159911__2016-05-22__06-07-40,0.349956,0.263025,0.479542,0.8,0.75,0.81,0.82,7.25
HD_159911__2018-04-12__09-18-25,0.287743,0.202723,0.407798,1.0,0.71,0.77,0.79,2.25
HD_160305__2015-05-13__07-26-52,-1.0,-1.0,-1.0,1.0,0.64,0.69,0.74,2.1
HD_160305__2016-05-23__06-09-39,0.464883,0.275295,0.882623,1.0,0.9,0.95,1.02,8.4
HD_164249__2015-06-01__05-54-21,0.598985,0.408393,1.10337,1.0,1.01,1.07,1.15,2.48
HD_164249__2016-04-17__09-37-17,0.958899,0.622059,2.21441,1.0,1.24,1.32,1.43,13.73
HD_164249__2018-04-11__09-42-29,0.292046,0.228355,0.445431,1.0,0.73,0.79,0.85,7.75
HD_168210__2016-06-14__05-47-41,-1.0,-1.0,-1.0,1.4,8.68,1.44,1.46,14.85
HD_168210__2017-06-03__05-47-51,0.304823,0.195328,0.813604,1.0,0.63,0.7,0.7,6.22
HD_16978__2015-10-01__06-39-32,0.595048,0.362463,1.31744,1.0,0.99,1.1,1.34,2.28
HD_16978__2016-09-16__07-30-31,-1.0,-1.0,-1.0,1.0,0.88,0.97,1.19,7.65
HD_16978__2017-10-01__05-03-22,0.824489,0.588375,1.3991,1.0,1.19,1.3,1.61,7.4
HD_172555__2015-05-11__07-17-56,-1.0,-1.0,-1.0,1.0,0.8,0.84,1.0,6.6
HD_172555__2015-05-11__07-51-19,-1.0,-1.0,-1.0,1.0,1.04,1.74,2.05,8.13
HD_174429__2015-05-06__09-49-25,-1.0,-1.0,-1.0,1.4,0.74,0.77,0.84,1.77
HD_174429__2015-05-31__06-34-52,0.688662,0.527085,0.911532,1.0,1.1,1.17,1.25,7.55
HD_174429__2016-09-16__23-53-41,-1.0,-1.0,-1.0,0.8,0.77,0.83,0.88,1.98
HD_174429__2017-05-18__08-01-51,0.641712,0.478753,1.04879,1.0,0.94,1.01,1.08,4.72
HD_175726__2016-06-12__06-29-45,-1.0,-1.0,-1.0,1.0,45.8,1.29,1.4,7.33
HD_175726__2016-09-16__00-00-07,-1.0,-1.0,-1.0,0.8,0.91,0.96,1.04,6.5
HD_175726__2017-09-30__00-20-27,0.541053,0.297901,1.87153,0.8,0.9,0.97,1.11,15.57
HD_176367__2015-06-07__07-25-32,0.658742,0.395797,1.44033,1.0,1.16,1.12,1.13,8.65
HD_177724__2015-06-28__05-32-37,0.631468,0.393166,1.20338,1.4,1.06,1.14,1.33,6.83
HD_177724__2016-05-31__07-06-55,0.795953,0.467803,1.60554,1.0,1.2,1.3,1.51,7.93
HD_178253__2015-06-06__07-40-23,0.655708,0.403124,1.37193,1.0,1.06,1.14,1.17,12.82
HD_181296__2015-05-05__09-22-43,-1.0,-1.0,-1.0,1.4,0.93,0.99,1.08,3.58
HD_181296__2018-05-08__09-58-19,0.488186,0.356595,0.627748,1.0,0.97,1.01,1.11,11.43
HD_181327__2015-05-10__09-12-24,-1.0,-1.0,-1.0,1.0,4.06,1.22,1.34,6.18
HD_181869__2015-05-13__09-10-43,-1.0,-1.0,-1.0,1.0,0.71,0.77,0.79,0.9
HD_181869__2016-05-21__07-53-18,0.732604,0.42497,1.76189,1.0,1.08,1.16,1.19,7.72
HD_181869__2018-05-08__09-04-47,0.595572,0.416876,0.921332,1.0,0.96,1.02,1.04,12.13
HD_188228__2015-05-12__09-04-54,-1.0,-1.0,-1.0,1.0,1.03,1.22,1.56,4.43
HD_188228__2015-06-01__07-40-44,0.748099,0.583528,1.74387,1.0,1.13,1.3,1.66,1.7
HD_188228__2015-07-01__05-14-12,0.43728,0.241563,0.767915,1.4,1.17,1.43,1.84,0.88
HD_188228__2016-05-25__09-18-36,0.35109,0.078529,0.845273,1.2,0.87,1.06,1.36,0.23
HD_189245__2015-05-14__08-55-56,-1.0,-1.0,-1.0,1.0,0.59,0.65,0.66,5.85
HD_189285__2015-06-03__07-33-54,0.401362,0.298871,0.583928,1.0,0.78,0.83,0.87,4.53
HD_189285__2016-05-29__08-29-20,0.504234,0.346709,0.749187,1.0,0.82,0.88,0.93,5.08
HD_189285__2018-05-07__09-40-24,0.504275,0.342263,1.17428,1.0,0.9,0.97,1.01,7.55
HD_192425__2015-06-22__06-08-20,0.266768,0.244287,0.299566,1.0,0.74,0.84,1.0,2.35
HD_192425__2015-09-28__00-51-15,0.579799,0.424536,0.909971,1.0,0.98,1.08,1.27,2.13
HD_192425__2016-06-11__07-27-45,-1.0,-1.0,-1.0,1.4,1.0,1.12,1.32,2.92
HD_19545__2016-10-13__05-55-29,-1.0,-1.0,-1.0,1.0,1.13,1.18,1.19,9.23
HD_197481__2015-05-16__09-14-50,-1.0,-1.0,-1.0,1.0,1.25,1.29,1.31,10.38
HD_197481__2015-05-30__09-11-51,0.434256,0.280387,0.700604,1.0,0.79,0.84,0.85,5.15
HD_197481__2015-06-27__06-38-09,0.265588,0.216998,0.4191,1.0,0.43,0.81,0.81,5.8
HD_197481__2015-06-27__07-46-40,0.31663,0.232115,0.529354,1.0,0.71,0.76,0.77,4.0
HD_197481__2015-09-25__01-28-20,0.536497,0.330067,1.02338,1.0,0.92,0.99,1.0,7.78
HD_197481__2015-10-01__00-20-11,0.285828,0.225255,0.434212,1.0,0.67,0.74,0.75,4.75
HD_197481__2016-05-21__09-43-27,0.765091,0.489355,1.7304,1.0,1.09,1.18,1.19,6.1
HD_197890__2015-06-04__08-15-32,0.591211,0.434703,0.901684,1.0,111.31,1.07,1.09,7.2
HD_201184__2015-09-29__00-46-20,0.840062,0.605828,1.30298,1.0,1.22,1.32,1.33,9.9
HD_201919__2015-06-03__09-04-45,0.36791,0.271692,0.528389,1.0,0.86,0.92,0.93,5.75
HD_202917__2015-05-31__09-36-58,0.693204,0.422839,1.21042,1.0,1.04,1.11,1.2,3.6
HD_202917__2016-05-31__09-18-22,0.615704,0.457212,1.05583,1.0,0.94,1.0,1.08,9.93
HD_20630__2015-12-27__01-22-43,0.579249,0.401301,0.979839,1.0,0.92,1.0,1.08,3.6
HD_206860__2015-09-30__01-47-41,0.436747,0.327879,0.685811,1.0,0.83,0.93,1.08,6.78
HD_210049__2015-07-01__08-29-23,0.26963,0.207729,0.830185,1.4,0.65,0.71,0.72,2.03
HD_210049__2016-09-17__03-22-07,-1.0,-1.0,-1.0,0.8,0.73,0.79,0.8,1.43
HD_210049__2016-10-14__01-15-39,-1.0,-1.0,-1.0,1.4,0.83,0.89,0.9,5.3
HD_216803__2015-06-27__09-36-00,0.380107,0.259985,0.691217,1.0,13.66,0.88,0.88,2.8
HD_216956__2015-06-30__08-01-31,-1.0,-1.0,-1.0,1.4,0.83,0.88,0.9,5.0
HD_216956__2015-06-30__08-04-16,-1.0,-1.0,-1.0,1.4,0.85,0.93,0.94,5.28
HD_216956__2015-06-30__08-15-59,0.383493,0.336075,0.44735,1.4,0.81,0.88,0.89,4.7
HD_216956__2015-09-24__02-37-03,0.746458,0.513391,1.05266,1.0,1.16,1.22,1.24,15.13
HD_218396__2014-12-06__00-15-16,-1.0,-1.0,-1.0,1.3,1.31,1.46,1.95,5.72
HD_218396__2014-12-07__00-16-41,-1.0,-1.0,-1.0,1.3,1.08,1.22,1.64,9.53
HD_218396__2014-12-09__00-26-57,-1.0,-1.0,-1.0,1.3,0.82,1.07,1.48,1.8
HD_218396__2015-07-04__09-55-52,0.66515,0.485923,0.996912,1.4,3.12,1.17,1.49,8.73
HD_218396__2016-11-18__01-21-08,-1.0,-1.0,-1.0,1.0,0.97,1.17,1.53,5.58
HD_218396__2017-06-15__10-12-26,0.657776,0.456542,1.0313,1.0,1.0,1.13,1.4,11.45
HD_218396__2017-10-08__02-12-08,0.528793,0.315507,1.34043,0.6,0.93,1.13,1.5,9.0
HD_218396__2017-10-12__00-22-17,0.613854,0.509972,0.74966,0.6,0.99,1.2,1.66,2.67
HD_218396__2017-10-12__02-58-12,0.456277,0.296659,0.845036,0.6,0.92,1.12,1.48,5.72
HD_218396__2017-10-13__02-18-21,0.486708,0.284656,0.953555,0.6,0.93,1.13,1.48,3.17
HD_218396__2018-06-19__09-15-26,0.658263,0.404046,1.07035,1.0,1.0,1.18,1.49,5.03
HD_219482__2015-10-01__03-40-26,0.470955,0.33207,0.751368,1.0,0.89,0.97,1.12,4.03
HD_220825__2015-09-25__03-36-55,0.631503,0.39589,1.04232,1.0,1.03,1.08,1.15,6.43
HD_224228__2015-10-25__02-26-04,0.751402,0.482533,1.55245,1.4,1.09,1.16,1.18,12.03
HD_224392__2015-10-27__02-35-57,0.777733,0.517458,1.15361,1.4,1.14,1.26,1.48,2.95
HD_224392__2016-06-28__10-06-24,-1.0,-1.0,-1.0,1.0,1.08,1.2,1.41,14.53
HD_24636__2016-01-03__01-01-11,0.504303,0.339271,1.00998,1.0,0.97,1.19,1.55,4.03
HD_25284__2015-09-30__07-14-00,0.607913,0.313099,1.37335,1.0,0.98,1.03,1.05,6.85
HD_29391__2015-09-25__08-56-28,0.450501,0.32604,0.749024,1.0,0.86,0.91,0.95,6.85
HD_29391__2015-09-26__08-50-04,0.46778,0.328545,0.709595,1.0,0.82,0.89,0.94,2.92
HD_29391__2015-12-26__02-28-43,0.817566,0.524805,1.32232,1.0,1.24,1.33,1.4,3.13
HD_29391__2016-01-16__01-44-58,0.932905,0.664992,1.43195,1.0,18.31,1.47,1.55,12.9
HD_29391__2016-12-12__04-52-59,-1.0,-1.0,-1.0,1.0,1.5,2.03,2.19,13.75
HD_29391__2016-12-13__03-48-07,-1.0,-1.0,-1.0,1.0,1.04,1.1,1.16,2.92
HD_29391__2017-09-28__08-46-50,0.357596,0.261919,0.603981,1.0,0.76,0.81,0.85,5.25
HD_3003__2015-09-28__04-39-33,0.631423,0.392891,1.07896,1.0,1.09,1.17,1.35,3.88
HD_3003__2016-09-16__05-31-23,-1.0,-1.0,-1.0,1.0,0.89,0.96,1.11,7.43
HD_30447__2015-12-01__03-58-58,0.960158,0.634103,1.4334,1.0,1.28,1.34,1.36,6.97
HD_30447__2015-12-29__01-40-09,0.824181,0.554584,1.46622,1.0,1.1,1.16,1.2,10.68
HD_30447__2016-12-06__05-15-26,-1.0,-1.0,-1.0,0.8,0.73,0.79,0.8,4.93
HD_317617__2015-05-31__05-25-05,0.472829,0.346955,0.669587,1.0,14.0,1.11,1.12,8.75
HD_32195__2015-09-30__09-05-02,1.11883,0.812854,1.63513,1.0,1.05,1.28,1.82,8.48
HD_326277__2016-03-30__09-20-08,0.58741,0.384837,0.770235,1.0,0.95,1.01,1.05,6.1
HD_35114__2017-02-12__01-09-44,0.729757,0.527106,1.29049,0.8,1.08,1.16,1.2,5.85
HD_35650__2015-12-28__03-24-06,0.440529,0.349964,0.591005,1.0,0.79,0.85,0.87,3.45
HD_377__2016-10-14__02-57-13,-1.0,-1.0,-1.0,1.4,0.81,0.89,0.98,6.03
HD_38678__2017-02-11__00-52-32,0.46657,0.335288,0.765785,0.8,0.9,0.95,0.96,6.68
HD_39060__2014-12-08__05-27-37,-1.0,-1.0,-1.0,1.2,0.73,0.77,0.82,2.75
HD_39060__2015-02-05__02-12-39,-1.0,-1.0,-1.0,1.2,0.82,0.86,0.94,2.78
HD_39060__2015-10-01__08-44-47,0.740131,0.481949,1.34217,1.0,1.13,1.2,1.3,5.83
HD_39060__2015-11-28__05-50-57,0.31376,0.27719,0.346545,1.0,0.74,0.79,0.84,0.63
HD_39060__2015-11-28__06-16-03,0.313764,0.274198,0.346119,1.0,0.77,0.82,0.88,1.27
HD_39060__2015-11-30__06-08-56,0.445595,0.280478,1.14638,1.0,0.82,0.89,0.95,2.73
HD_39060__2015-12-26__04-20-09,0.692653,0.445757,1.99468,1.0,1.09,1.19,1.27,4.93
HD_39060__2016-03-27__00-36-28,0.744255,0.394607,1.49729,1.0,1.09,1.17,1.36,10.98
HD_39060__2016-04-16__00-04-10,0.655135,0.424415,1.27043,1.0,0.98,1.07,1.33,5.97
HD_39060__2016-09-16__09-22-07,-1.0,-1.0,-1.0,0.8,7.89,0.86,0.95,3.53
HD_39060__2016-10-14__08-40-21,-1.0,-1.0,-1.0,1.4,0.92,0.98,1.05,9.38
HD_39060__2016-11-18__06-43-17,-1.0,-1.0,-1.0,1.4,1.19,1.27,1.36,12.07
HD_39060__2018-09-12__07-23-09,0.489837,0.325491,0.962707,0.8,0.85,1.01,1.34,1.52
HD_39060__2018-09-12__07-39-45,0.49,0.297251,0.962707,0.8,0.92,1.03,1.3,1.52
HD_39060__2018-09-14__07-08-53,1.21208,1.14739,1.33068,0.8,1.46,1.45,1.9,7.97
HD_39060__2018-09-14__08-18-07,1.09878,0.74235,1.79289,0.8,1.35,1.52,1.8,10.1
HD_39060__2018-09-17__09-17-08,0.535295,0.341941,0.978477,0.8,0.98,1.05,1.16,6.43
HD_39060__2018-10-18__08-15-58,0.743647,0.484175,1.35248,0.8,1.08,1.17,1.26,10.2
HD_44627__2015-02-06__02-21-02,-1.0,-1.0,-1.0,1.2,1.01,1.08,1.21,3.25
HD_45270__2016-01-16__03-24-43,0.924905,0.609172,1.53655,1.0,1.2,1.29,1.46,10.6
HD_51797__2016-01-03__04-28-49,0.321741,0.239763,0.451063,1.0,42.65,1.02,1.07,1.2
HD_55279__2015-12-27__05-19-54,0.554618,0.420288,1.01567,1.0,0.84,1.03,1.44,1.38
HD_55279__2017-02-08__02-59-38,0.707744,0.49543,1.2123,1.0,0.95,1.17,1.63,4.53
HD_56022__2015-12-29__06-30-09,0.91355,0.551606,2.02299,1.0,1.31,1.37,1.46,14.8
HD_56022__2016-03-30__00-11-02,0.422784,0.252866,1.06212,1.4,0.89,0.96,1.02,4.75
HD_61005__2015-02-03__03-17-59,-1.0,-1.0,-1.0,1.2,0.84,0.91,0.91,1.55
HD_61005__2015-03-30__00-49-51,-1.0,-1.0,-1.0,1.2,1.09,1.15,1.18,12.78
HD_71155__2016-01-19__05-00-11,0.70854,0.451875,1.32271,1.0,1.16,1.27,1.33,7.75
HD_74576__2016-01-03__05-37-08,0.227024,0.206247,0.244146,1.0,0.69,0.73,0.76,1.35
HD_74576__2016-01-03__06-20-39,0.248143,0.20496,0.324237,1.0,0.7,0.76,0.77,1.83
HD_74576__2016-03-28__00-10-22,0.4772,0.328991,0.789259,1.0,0.84,0.9,0.93,8.35
HD_74576__2016-12-12__07-55-28,-1.0,-1.0,-1.0,1.0,1.7,3.35,3.41,11.28
HD_75416__2016-01-02__07-07-51,0.389441,0.263583,0.668186,1.0,7.41,1.21,1.67,3.28
HD_75416__2016-12-13__07-47-26,-1.0,-1.0,-1.0,1.0,0.82,0.92,1.28,7.88
HD_75505__2015-02-06__04-17-12,-1.0,-1.0,-1.0,1.2,1.1,1.45,2.01,7.33
HD_75505__2018-01-06__05-11-44,0.552085,0.384726,1.0611,1.0,1.01,1.34,1.86,3.65
HD_77825__2016-04-17__00-37-21,0.441189,0.0204548,0.770526,0.8,0.81,0.85,0.86,6.85
HD_77825__2017-02-13__04-41-12,0.441802,0.314808,0.940076,0.8,0.79,0.84,0.85,6.28
HD_84075__2015-02-05__04-36-52,-1.0,-1.0,-1.0,1.2,1.05,1.33,1.82,3.88
HD_84075__2016-01-18__06-13-16,0.541233,0.395197,0.971904,1.0,11.87,1.32,1.81,1.55
HD_84075__2017-02-11__04-54-44,0.541339,0.405542,0.762607,0.8,21.3,1.32,1.82,11.0
HD_8558__2015-09-24__06-06-43,1.14752,0.751844,1.91736,1.0,2.45,20.28,22.53,16.45
HD_8558__2015-10-28__03-08-29,0.526344,0.392122,1.10884,1.4,0.91,1.0,1.12,1.7
HD_8558__2016-10-14__05-09-10,-1.0,-1.0,-1.0,1.0,0.88,0.95,1.06,6.03
HD_88955__2015-03-30__01-49-28,-1.0,-1.0,-1.0,1.2,1.24,1.35,1.39,12.78
HD_88955__2015-05-10__23-55-22,-1.0,-1.0,-1.0,1.0,0.85,0.92,0.95,8.28
HD_88955__2016-03-27__02-19-10,1.32122,0.811958,1.95331,1.4,1.48,1.68,1.73,11.78
HD_88955__2018-01-05__08-09-37,0.268003,0.192966,0.348092,1.0,0.73,0.79,0.81,1.33
HD_88955__2018-02-27__04-08-45,0.419745,0.257256,0.671913,1.0,0.81,0.86,0.89,4.75
HD_9054__2015-09-30__05-10-46,0.32563,0.252346,0.622441,1.0,0.74,0.78,0.84,3.1
HD_9054__2017-09-29__05-43-40,0.430374,0.342511,0.595538,1.0,0.79,0.84,0.91,2.8
HD_90712__2016-01-03__08-04-45,0.337125,0.246089,0.762651,1.0,0.81,0.86,0.87,0.38
HD_95086__2015-05-05__00-00-28,-1.0,-1.0,-1.0,1.4,0.97,1.13,1.39,5.5
HD_95086__2015-05-05__01-27-44,-1.0,-1.0,-1.0,1.4,0.92,1.07,1.31,5.6
HD_95086__2015-05-11__23-44-00,-1.0,-1.0,-1.0,1.0,99.33,1.28,1.58,2.4
HD_95086__2016-01-18__08-08-49,0.443135,0.286603,0.88638,1.0,324.77,1.33,1.62,1.15
HD_95086__2016-04-16__01-47-40,0.564547,0.358826,1.06095,0.8,0.9,1.0,1.22,7.53
HD_95086__2016-05-30__23-51-02,0.598359,0.435748,0.875608,1.0,0.93,1.07,1.32,5.58
HD_95086__2017-05-09__23-56-34,0.59625,0.397973,0.950223,1.0,0.93,1.04,1.27,12.57
HD_95086__2018-01-06__08-12-47,0.323175,0.243227,0.457454,1.0,0.79,0.89,1.09,3.98
HD_95086__2018-02-24__05-29-47,0.357717,0.232456,0.561449,1.0,0.79,0.87,1.06,3.25
HD_95086__2018-03-28__03-45-05,0.513539,0.397826,0.713885,1.0,0.87,0.98,1.2,6.75
HD_96064__2016-04-21__01-42-09,0.896165,0.595627,1.47834,0.8,1.26,1.34,1.4,10.4
HD_96064__2017-02-09__07-00-09,0.354552,0.222741,0.602843,1.0,0.72,0.78,0.82,5.88
HD_96338__2015-02-06__06-28-32,-1.0,-1.0,-1.0,1.2,1.16,1.25,1.32,9.43
HD_987__2016-10-15__03-30-20,-1.0,-1.0,-1.0,1.0,1.04,1.28,1.66,7.65
HIP_107345__2015-07-05__07-01-35,0.519426,0.384414,0.87825,1.4,0.94,1.03,1.18,11.15
HIP_112312__2015-10-01__02-04-36,0.35699,0.24732,0.654603,1.0,0.75,0.82,0.83,4.4
HIP_113201__2016-09-18__03-41-55,-1.0,-1.0,-1.0,1.0,1.08,1.17,1.26,10.07
HIP_113201__2016-10-15__01-29-53,-1.0,-1.0,-1.0,1.0,1.07,1.14,1.23,6.93
HIP_1993__2015-11-29__01-10-02,0.768283,0.477673,1.44315,1.0,1.08,1.15,1.32,4.33
HIP_23200__2015-09-28__08-50-29,0.253929,0.196484,0.358913,1.0,0.71,0.76,0.82,1.27
HIP_23309__2016-01-03__02-49-24,0.371576,0.284765,0.567771,1.0,58.56,0.95,1.05,1.85
HIP_31878__2016-01-02__04-48-37,0.550128,0.426173,0.809278,1.0,1.0,1.09,1.25,1.58
HIP_37288__2015-12-01__08-03-25,0.647506,0.404928,1.08982,1.0,8.01,1.17,1.26,6.1
HIP_37288__2017-02-13__03-24-12,0.577145,0.325295,1.46582,0.8,0.91,0.98,1.07,4.75
HIP_37766__2015-12-26__06-00-18,0.420527,0.281327,0.600406,1.0,0.78,0.84,0.91,8.35
HIP_39826__2017-02-12__03-12-32,0.990991,0.684964,1.89188,1.4,1.16,1.34,1.67,9.73
HIP_51317__2016-01-01__08-10-38,0.353383,0.232301,0.63437,1.0,0.69,0.75,0.8,4.97
HIP_6276__2015-12-02__00-49-59,0.598048,0.433818,1.10549,1.0,0.96,1.03,1.06,2.38
HIP_6276__2016-11-17__04-41-07,-1.0,-1.0,-1.0,1.0,2.03,8.11,9.38,18.6
HIP_70890__2016-03-28__06-28-47,1.09183,0.604338,2.17357,0.8,1.38,1.42,1.64,9.95
HIP_81084__2015-05-11__05-47-39,-1.0,-1.0,-1.0,1.0,0.67,0.73,0.74,7.0
HIP_81084__2015-08-04__00-48-47,0.42594,0.283952,0.56568,0.8,0.7,0.8,0.82,7.4
HIP_85647__2016-05-31__05-12-56,0.764385,0.521354,1.51462,1.0,1.12,1.19,1.27,11.78
TYC_1090-543-1__2015-06-06__09-18-00,0.774186,0.480182,1.43533,1.0,2.22,1.23,1.39,12.55
TYC_1090-543-1__2016-09-17__01-28-31,-1.0,-1.0,-1.0,0.8,0.94,0.99,1.12,0.75
TYC_1090-543-1__2018-05-13__09-10-02,0.646986,0.446897,1.0725,1.0,0.97,1.02,1.16,7.35
TYC_1355-214-1__2015-02-07__03-32-34,-1.0,-1.0,-1.0,1.2,1.06,1.19,1.48,9.0
TYC_1355-214-1__2017-02-10__02-57-36,0.573354,0.398992,0.958178,1.4,0.95,1.1,1.37,4.3
TYC_486-4943-1__2015-05-31__07-41-39,0.54803,0.376126,0.923451,1.0,1.03,1.08,1.17,5.28
TYC_486-4943-1__2016-05-23__07-56-22,0.386884,0.266152,0.86165,1.2,0.78,0.83,0.9,8.3
TYC_5164-567-1__2015-05-15__09-17-27,-1.0,-1.0,-1.0,1.0,2.27,1.12,1.18,11.3
TYC_5882-1169-1__2016-09-18__09-13-52,-1.0,-1.0,-1.0,1.0,0.95,1.02,1.04,10.82
TYC_5882-1169-1__2017-11-06__05-14-45,0.371164,0.311052,0.491229,1.0,0.77,0.82,0.83,1.08
TYC_5882-1169-1__2018-12-17__03-08-59,0.525861,0.38186,0.840866,1.0,0.93,1.0,1.01,6.97
TYC_5899-26-1__2016-01-18__01-13-47,0.458851,0.323878,0.747226,1.0,0.84,0.91,0.92,5.95
TYC_7026-325-1__2016-01-02__00-53-50,0.427324,0.306842,0.56955,1.0,0.9,0.97,0.98,4.7
TYC_7084-794-1__2015-11-29__06-14-34,0.279525,0.222276,0.406414,1.0,0.66,0.72,0.73,1.52
TYC_7084-794-1__2016-01-19__02-50-22,0.551122,0.377729,0.919651,1.0,0.94,1.02,1.03,4.03
TYC_7084-794-1__2016-02-19__00-50-46,0.551895,0.390021,0.887224,1.0,0.94,1.0,1.02,7.5
TYC_7084-794-1__2019-03-06__01-35-45,0.433509,0.295429,0.671536,0.8,0.88,0.97,1.03,2.88
TYC_7183-1477-1__2016-03-30__02-14-07,0.474535,0.328138,1.04435,1.4,0.85,0.91,0.92,4.58
TYC_7190-2111-1__2015-05-09__23-57-36,-1.0,-1.0,-1.0,1.0,1.09,1.17,1.18,6.38
TYC_7190-2111-1__2017-02-07__06-41-05,0.340502,0.219523,0.883149,1.0,0.77,0.83,0.85,8.0
TYC_7286-248-1__2015-05-13__03-59-04,-1.0,-1.0,-1.0,1.0,0.69,0.76,0.77,2.35
TYC_7443-1102-1__2015-05-04__09-26-47,-1.0,-1.0,-1.0,1.2,7.68,0.93,0.94,3.48
TYC_7443-1102-1__2015-05-18__08-27-53,-1.0,-1.0,-1.0,0.8,0.76,1.11,1.12,5.08
TYC_7443-1102-1__2015-06-09__07-33-40,0.400385,0.289732,0.680407,0.8,0.75,0.81,0.81,7.18
TYC_7617-549-1__2016-12-13__05-46-04,-1.0,-1.0,-1.0,0.8,0.78,0.84,0.86,5.9
TYC_8047-232-1__2015-09-25__06-19-09,0.540245,0.373229,0.771548,1.0,2.52,1.05,1.14,8.18
TYC_8047-232-1__2016-01-17__00-50-17,0.51218,0.353433,1.11214,1.0,0.97,1.06,1.2,0.82
TYC_8060-1673-1__2015-09-24__08-00-43,1.13077,0.731971,1.82733,1.0,1.44,1.63,1.7,15.23
TYC_8060-1673-1__2015-12-28__01-45-20,0.534425,0.325946,0.876086,1.0,0.88,0.95,0.99,5.65
TYC_8128-1946-1__2015-11-30__07-50-30,0.524621,0.389296,0.716587,1.0,0.93,0.99,1.05,5.4
TYC_8137-2609-1__2015-11-29__07-52-38,0.285767,0.219038,0.416872,1.0,0.69,0.76,0.81,4.2
TYC_8137-2609-1__2018-01-26__03-25-50,0.653329,0.0498402,1.34388,1.0,1.43,2.54,2.66,8.78
TYC_8404-354-1__2015-05-09__09-45-09,-1.0,-1.0,-1.0,1.0,0.89,0.92,0.99,5.03
TYC_8404-354-1__2015-05-30__07-28-42,0.520833,0.392923,0.793974,1.0,0.93,0.99,1.07,6.9
TYC_8728-2262-1__2015-06-03__05-56-44,0.476568,0.32671,0.860241,1.0,0.88,0.95,1.04,5.68
TYC_8760-1468-1__2015-06-27__05-23-59,0.303049,0.224418,0.447821,1.4,0.74,0.78,0.85,6.0
TYC_8760-1468-1__2018-04-19__09-32-42,0.400069,0.260021,0.817609,1.0,0.85,0.88,0.97,1.55
TYC_9073-762-1__2015-05-16__07-55-40,-1.0,-1.0,-1.0,1.0,3.57,1.16,1.33,13.1
TYC_9340-437-1__2015-10-25__00-30-26,0.702976,0.46578,1.34061,1.4,1.09,1.23,1.56,9.95
TYC_9340-437-1__2016-06-27__09-30-54,-1.0,-1.0,-1.0,1.0,1.16,1.3,1.65,5.95
TYC_9482-121-1__2016-06-28__08-13-14,-1.0,-1.0,-1.0,1.0,29.13,1.6,2.26,13.6
